<?xml version="1.0" encoding="UTF-8" ?>  
<dataConfig>   
<dataSource type="JdbcDataSource"   
		  driver="com.mysql.jdbc.Driver"   
		  url="jdbc:mysql://localhost:3306/tripsearch"   
		  user="root"   
		  password="root"/>   
<document>   
	<entity name="sight" query="SELECT * FROM sight" transformer="RegexTransformer">
		 <field column="sight_id" name="sight_id"/> 
		 <field column="sight_name" name="sight_name"/> 
		 <field column="sight_score_ctrip" name="sight_score_ctrip"/>
		 <field column="sight_intro" name="sight_intro"/> 
		 <field column="sight_address" name="sight_address"/> 
		 <field column="sight_coordinate" name="sight_coordinate"/> 
		 <field column="sight_type" name="sight_type" splitBy=","/>
		 <field column="pageurl" name="pageurl"/>
		 <field column="sight_place_1" name="sight_place_1"/>
		 <field column="sight_place_2" name="sight_place_2"/>
		 <field column="sight_place_3" name="sight_place_3"/>
		 <field column="sight_place_4" name="sight_place_4"/>
		 <field column="sight_place_5" name="sight_place_5"/> 

		 <!-- <entity name="feature" query="select sight_place_1 sight_place_2 sight_place_3 sight_place_4 sight_place_5 from sight where sight_id='${sight.sight_id}'">
                <field name="sight_place" column="sight_place_1" />
                <field name="sight_place" column="sight_place_2" />
                <field name="sight_place" column="sight_place_3" />
                <field name="sight_place" column="sight_place_4" />
                <field name="sight_place" column="sight_place_5" />
            </entity> -->
	</entity>   
</document>   

</dataConfig>